{"cameraMode":{"drawMode":0,"name":"Shaded","section":"Shading Mode"},"sceneLighting":false,"audioPlay":false,"sceneViewState":{"showFog":false,"showMaterialUpdate":false,"showSkybox":false,"showFlares":false,"showImageEffects":false,"showParticleSystems":true},"in2DMode":false,"pivot":{"x":-0.28712645173072817,"y":0.03298160806298256,"z":0.055267397314310077},"rotation":{"x":0.11963921785354614,"y":0.41315457224845889,"z":-0.05485447868704796,"w":0.901100218296051},"size":0.40996649861335757,"orthographic":true}