{"cameraMode":{"drawMode":0,"name":"Shaded","section":"Shading Mode"},"sceneLighting":false,"audioPlay":false,"sceneViewState":{"showFog":false,"showMaterialUpdate":false,"showSkybox":false,"showFlares":false,"showImageEffects":false,"showParticleSystems":true},"in2DMode":false,"pivot":{"x":0.06344057619571686,"y":-0.18722331523895265,"z":-0.00033365943818353117},"rotation":{"x":-0.1479761153459549,"y":-0.6422203183174133,"z":0.12829189002513886,"w":-0.7411485314369202},"size":2.899729013442993,"orthographic":false}