{"cameraMode":{"drawMode":0,"name":"Shaded","section":"Shading Mode"},"sceneLighting":false,"audioPlay":false,"sceneViewState":{"showFog":false,"showMaterialUpdate":false,"showSkybox":false,"showFlares":false,"showImageEffects":false,"showParticleSystems":true},"in2DMode":false,"pivot":{"x":0.002165079116821289,"y":0.11085803061723709,"z":-0.0027316808700561525},"rotation":{"x":0.02229655534029007,"y":-0.9769235849380493,"z":0.1294293850660324,"w":0.1687394082546234},"size":0.931856095790863,"orthographic":false}