{"cameraMode":{"drawMode":0,"name":"Shaded","section":"Shading Mode"},"sceneLighting":false,"audioPlay":false,"sceneViewState":{"showFog":false,"showMaterialUpdate":false,"showSkybox":false,"showFlares":false,"showImageEffects":false,"showParticleSystems":true},"in2DMode":false,"pivot":{"x":-0.005737123545259237,"y":0.3096773028373718,"z":-0.2429409623146057},"rotation":{"x":-0.26879608631134035,"y":0.07531936466693878,"z":-0.021089356392621995,"w":-0.9600187540054321},"size":0.46887069940567019,"orthographic":true}