{"cameraMode":{"drawMode":0,"name":"Shaded","section":"Shading Mode"},"sceneLighting":false,"audioPlay":false,"sceneViewState":{"showFog":false,"showMaterialUpdate":false,"showSkybox":false,"showFlares":false,"showImageEffects":false,"showParticleSystems":true},"in2DMode":false,"pivot":{"x":0.4696056842803955,"y":0.5711777210235596,"z":-0.7998194694519043},"rotation":{"x":0.04590665176510811,"y":0.38663265109062197,"z":-0.01927565038204193,"w":0.9208964705467224},"size":3.7578837871551515,"orthographic":false}