{"cameraMode":{"drawMode":0,"name":"Shaded","section":"Shading Mode"},"sceneLighting":false,"audioPlay":false,"sceneViewState":{"showFog":false,"showMaterialUpdate":false,"showSkybox":false,"showFlares":false,"showImageEffects":false,"showParticleSystems":true},"in2DMode":false,"pivot":{"x":-0.027469146996736528,"y":-0.22700700163841248,"z":1.2759371995925904},"rotation":{"x":0.5016435384750366,"y":-0.33798497915267947,"z":0.22167786955833436,"w":0.7648401260375977},"size":0.7296893000602722,"orthographic":false}