{"cameraMode":{"drawMode":0,"name":"Shaded","section":"Shading Mode"},"sceneLighting":false,"audioPlay":false,"sceneViewState":{"showFog":false,"showMaterialUpdate":false,"showSkybox":false,"showFlares":false,"showImageEffects":false,"showParticleSystems":true},"in2DMode":false,"pivot":{"x":0.1376173496246338,"y":0.7796981930732727,"z":-0.11754341423511505},"rotation":{"x":-0.08670315891504288,"y":-0.06540890038013458,"z":0.005702743772417307,"w":-0.9940730929374695},"size":1.5301798582077027,"orthographic":true}