{"cameraMode":{"drawMode":0,"name":"Shaded","section":"Shading Mode"},"sceneLighting":false,"audioPlay":false,"sceneViewState":{"showFog":false,"showMaterialUpdate":false,"showSkybox":false,"showFlares":false,"showImageEffects":false,"showParticleSystems":true},"in2DMode":false,"pivot":{"x":-0.1626240313053131,"y":0.22208040952682496,"z":0.0010859747417271138},"rotation":{"x":-0.004851717501878738,"y":-0.9928135871887207,"z":0.11277281492948532,"w":-0.041669249534606937},"size":0.8136345744132996,"orthographic":false}